Gender,IQ,Profession,Advice,School,Score before tutorial,Score after tutorial
1,91,3,4,1,50,42
2,117,3,2,1,13,38
1,105,3,1,1,27,43
1,110,3,4,1,44,37
2,101,3,2,1,35,35
1,93,3,6,1,55,41
2,111,5,6,1,53,45
1,74,2,2,1,19,50
1,96,3,2,1,35,44
1,111,5,5,1,27,44
1,100,3,4,1,39,35
2,94,3,2,1,39,55
2,93,3,2,1,15,42
2,86,3,2,1,40,44
2,88,3,2,1,29,37
2,111,5,2,1,28,40
1,98,3,4,1,27,41
1,98,3,4,1,26,36
1,87,3,5,1,16,33
1,89,3,4,1,48,45
2,105,3,5,1,35,38
1,102,3,4,1,22,39
1,96,3,4,1,26,46
1,80,2,5,1,24,43
1,80,3,2,1,19,36
2,95,3,2,1,42,42
2,98,3,3,1,38,38
1,96,3,2,1,43,43
2,121,5,6,1,37,37
2,93,3,4,2,35,35
1,96,5,5,2,41,41
1,102,3,2,2,45,45
1,111,5,4,2,50,50
1,114,5,2,2,44,44
1,116,6,5,2,44,44
1,98,5,4,2,35,35
1,107,6,4,2,55,55
1,109,5,2,2,42,42
2,95,3,5,2,44,44
1,112,5,5,2,37,37
1,113,5,4,2,40,40
2,111,5,4,2,41,41
2,134,7,5,2,36,36
2,129,7,6,2,33,33
1,111,5,4,2,45,45
1,107,5,4,2,38,38
2,121,7,4,2,39,39
1,119,7,5,2,46,46
2,114,5,3,2,43,43
2,111,3,4,2,36,36
1,98,3,4,2,42,42
2,128,7,6,2,38,38
1,109,3,4,2,43,43
1,114,5,5,2,37,37
1,107,3,4,2,35,35
1,105,3,4,2,41,41
1,121,7,4,2,45,45
2,134,7,4,2,50,50
1,111,5,2,2,44,44
1,116,5,4,2,44,44
1,98,3,4,2,35,35
1,79,5,5,2,55,55
1,103,3,2,3,42,42
1,118,6,4,3,44,44
2,108,5,4,3,37,37
1,121,6,4,3,40,40
1,110,6,4,3,41,41
1,106,3,4,3,36,36
1,95,3,4,3,33,33
1,109,5,6,3,45,45
1,89,3,5,3,38,38
1,75,3,5,3,39,39
1,112,5,2,3,46,46
1,87,5,4,3,43,43
2,98,3,2,3,36,36
1,60,3,4,3,50,42
2,116,5,2,3,13,38
2,114,5,2,3,27,43
1,95,3,4,3,44,37
2,116,5,3,3,35,35
2,123,7,4,3,55,41
2,116,5,4,3,53,45
2,116,5,4,3,19,50
2,94,5,5,3,35,44
2,121,7,2,3,27,44
1,111,5,4,3,39,35
1,102,5,4,3,39,55
2,105,5,6,3,15,42
2,102,3,4,3,40,44
2,134,7,4,3,29,37
1,91,3,4,3,28,40
2,94,3,2,3,27,41
1,116,5,5,3,26,36
2,114,5,3,4,16,33
1,132,7,4,4,48,45
1,128,7,6,4,35,38
1,108,6,5,4,22,39
1,88,2,4,4,26,46
2,116,7,3,4,24,43
2,143,7,2,4,19,36
1,93,2,4,4,50,42
1,117,5,4,4,13,38
2,115,5,6,4,27,43
2,136,7,5,4,44,37
2,123,5,5,4,35,35
2,137,7,3,4,55,41
1,109,7,4,4,53,45
2,103,5,5,4,19,50
2,117,5,6,4,35,44
2,99,5,6,4,27,44
2,127,7,2,4,39,35
1,99,5,6,4,39,55
2,112,5,4,4,15,42
1,90,5,6,4,40,44
2,107,3,2,4,29,37
2,122,7,5,4,28,40
1,131,7,4,4,27,41
2,104,4,3,4,26,36
2,108,5,6,4,16,33
1,107,5,6,4,48,45
2,109,5,2,4,35,38
2,97,3,2,4,22,39
2,111,3,4,4,26,46
1,81,2,4,4,24,43
1,100,3,2,4,19,36
1,89,5,4,4,50,42
2,116,5,3,4,13,38
1,139,7,6,4,27,43
1,123,7,6,4,44,37
2,110,5,6,4,35,35
2,117,5,2,4,55,41
2,122,5,3,4,53,45
2,116,5,6,4,19,50
1,105,5,4,4,35,44
2,86,3,2,4,27,44
1,100,3,2,4,39,35
1,99,3,5,4,39,55
1,105,5,2,4,15,42
1,103,3,6,4,40,44
2,105,2,6,4,29,37
2,117,7,6,4,28,40
1,114,3,6,4,27,41
1,122,7,6,4,26,36
1,117,6,4,4,16,33
2,109,5,4,4,48,45
2,116,5,6,4,35,38
2,110,5,5,4,22,39
1,95,3,2,4,26,46
2,122,5,3,4,24,43
2,117,5,5,4,19,36
1,63,3,5,4,42,42
1,109,5,4,4,38,38
1,116,5,4,4,43,43
2,88,3,2,4,37,37
1,114,7,5,4,35,35
2,106,3,4,4,41,41
2,109,4,3,4,45,45
2,117,5,5,4,50,50
2,90,5,6,4,44,44
2,84,3,2,5,44,44
2,100,3,2,5,35,35
1,95,3,4,5,55,55
1,102,3,4,5,42,42
1,88,3,4,5,44,44
1,102,3,5,5,37,37
2,105,3,6,5,40,40
1,71,2,2,5,41,41
1,86,2,2,5,36,36
1,89,3,4,5,33,33
1,102,3,4,5,45,45
1,96,5,4,5,38,38
2,81,2,2,5,39,39
1,76,2,4,5,46,46
1,93,3,4,5,43,43
2,94,3,4,5,36,36
1,78,3,4,5,50,42
1,87,3,6,5,13,38
1,86,2,4,5,27,43
2,104,5,2,5,44,37
1,102,3,4,5,35,35
2,102,3,4,5,55,41
2,95,3,2,5,53,45
2,85,2,2,5,19,50
2,81,2,2,5,35,44
2,105,3,2,5,27,44
2,84,3,2,5,39,35
2,112,5,3,5,39,55
1,95,3,4,5,15,42
2,104,3,2,5,40,44
2,86,2,2,5,29,37
2,105,5,2,5,28,40
1,111,5,4,5,27,41
2,114,5,4,5,26,36
2,75,3,2,5,16,33
1,90,3,4,5,48,45
1,81,2,4,5,35,38
1,78,2,4,5,22,39
1,93,5,5,5,26,46
1,85,3,5,6,24,43
2,84,2,4,6,19,36
1,107,5,4,6,42,42
2,101,5,6,6,38,38
1,91,5,4,6,43,43
1,101,3,4,6,37,37
1,87,3,2,6,35,35
2,92,3,2,6,41,41
1,89,3,5,6,45,45
2,97,6,2,6,50,50
1,101,3,4,6,44,44
2,120,5,6,6,44,44
2,86,5,5,6,35,35
2,97,2,2,6,55,55
1,81,3,4,6,42,42
2,90,5,4,6,44,44
1,78,5,4,6,37,37
2,92,5,2,6,40,40
1,99,3,4,6,41,41
2,107,5,5,6,36,36
1,84,2,4,6,33,33
2,116,7,6,6,45,45
1,95,3,4,6,38,38
2,116,5,2,6,39,39
2,125,7,6,6,46,46
1,96,5,4,6,43,43
2,95,3,4,6,36,36
1,88,3,4,6,42,42
1,101,3,4,6,38,38
2,102,3,5,6,43,43
1,99,3,4,6,37,37
2,99,5,5,6,35,35
1,64,2,4,6,41,41
1,110,7,5,6,45,45
1,80,2,2,6,50,50
1,90,3,4,6,44,44
1,102,3,4,6,44,44
2,84,3,6,6,35,35
2,102,3,2,6,55,55
1,121,7,4,6,42,42
1,102,3,6,6,44,44
1,103,5,5,6,37,37
1,94,5,5,6,40,40
1,102,5,4,6,41,41
2,100,3,5,6,36,36
1,129,7,6,7,33,33
2,116,5,5,7,45,45
1,77,2,4,7,38,38
1,100,3,4,7,39,39
2,100,5,5,7,46,46
1,100,3,2,7,43,43
1,91,3,6,7,36,36
1,130,7,4,7,50,42
1,88,3,1,7,13,38
1,119,5,6,7,27,43
2,116,3,2,7,44,37
1,119,7,4,7,35,35
1,117,5,4,7,55,41
2,99,3,5,7,53,45
2,90,3,2,7,19,50
1,91,3,4,7,35,44
2,96,3,4,7,27,44
2,117,7,6,7,39,35
1,113,5,4,7,39,55
1,125,7,5,7,15,42
1,76,2,4,7,40,44
1,86,2,4,7,29,37
2,80,2,4,7,28,40
2,123,5,6,7,27,41
2,109,3,6,7,26,36
2,82,2,2,7,16,33
1,101,5,4,7,48,45
2,91,5,5,7,35,38
2,103,5,2,7,22,39
1,102,3,4,7,26,46
1,122,7,5,7,24,43
2,119,5,2,7,19,36
1,94,5,4,7,50,42
1,85,5,4,7,13,38
2,88,3,2,7,27,43
2,68,3,4,7,44,37
1,102,5,4,7,35,35
1,118,5,5,7,55,41
1,114,5,4,7,53,45
1,91,3,4,8,19,50
2,111,5,6,8,35,44
2,105,5,4,8,27,44
1,86,3,1,8,39,35
1,100,3,4,8,39,55
2,119,7,5,8,15,42
2,114,5,6,8,40,44
1,92,3,2,8,29,37
1,111,5,4,8,28,40
2,83,3,2,8,27,41
2,123,7,2,8,26,36
1,108,5,4,8,16,33
2,88,3,5,8,48,45
2,84,3,2,8,35,38
2,101,3,2,8,22,39
2,100,3,2,8,26,46
1,98,3,4,8,24,43
1,88,2,1,8,19,36
1,92,3,4,8,50,42
1,105,3,6,8,13,38
1,93,3,2,8,27,43
2,91,3,2,8,44,37
1,80,3,2,8,35,35
2,128,7,6,8,55,41
1,98,3,4,8,53,45
1,85,3,2,8,19,50
2,92,3,2,8,35,44
1,83,3,2,8,27,44
2,131,7,5,8,39,35
2,73,2,3,8,39,55
2,87,4,3,8,15,42
1,98,2,5,9,40,44
1,100,3,4,9,29,37
2,106,3,4,9,28,40
1,95,3,2,9,27,41
2,100,3,5,9,26,36
1,93,3,6,9,16,33
2,119,5,5,9,48,45
1,143,7,5,9,35,38
1,121,5,4,9,22,39
1,129,7,4,9,26,46
2,114,3,2,9,24,43
1,104,3,4,9,19,36
1,112,5,4,9,42,42
2,113,5,5,9,38,38
2,136,7,4,9,43,43
2,113,5,6,9,37,37
2,122,5,4,9,35,35
2,111,5,3,9,41,41
1,103,3,2,9,45,45
2,115,5,4,9,50,50
2,98,3,4,9,44,44
2,114,5,5,9,44,44
1,95,3,4,9,35,35
1,111,5,5,9,55,55
2,119,5,2,9,42,42
1,108,5,4,9,44,44
2,105,3,4,9,37,37
2,93,3,3,9,40,40
2,111,5,6,9,41,41
2,87,3,2,9,36,36
1,89,3,5,9,33,33
2,128,5,4,9,45,45
1,123,7,4,9,38,38
2,105,5,4,9,39,39
1,128,5,4,9,46,46
1,123,7,6,9,43,43
2,126,7,4,9,36,36
1,119,7,6,9,50,42
2,96,3,2,9,13,38
1,108,5,5,9,27,43
2,108,5,3,9,44,37
2,114,5,5,9,35,35
1,102,5,5,9,55,41
1,118,5,4,9,53,45
2,121,7,2,9,19,50
2,112,3,2,9,35,44
2,119,2,2,9,27,44
1,104,3,6,9,39,35
2,105,3,2,9,39,55
2,130,5,6,9,15,42
2,123,7,4,9,40,44
2,100,3,2,9,29,37
2,112,5,4,9,28,40
2,100,3,2,10,27,41
1,87,3,4,10,26,36
2,121,7,2,10,16,33
2,84,2,2,10,48,45
1,95,3,5,10,35,38
2,113,5,6,10,22,39
1,80,2,4,10,26,46
1,100,3,4,10,24,43
1,84,2,4,10,19,36
1,110,5,4,10,42,42
2,89,3,5,10,38,38
1,103,5,4,10,43,43
1,86,3,4,10,37,37
2,98,3,6,10,35,35
1,100,3,6,10,41,41
2,95,5,6,10,45,45
2,95,3,2,10,50,50
1,75,3,4,10,44,44
1,88,3,4,10,44,44
2,97,3,2,10,35,35
1,109,5,4,10,55,55
2,91,2,2,10,42,42
2,103,3,1,10,44,44
1,85,2,4,10,37,37
1,86,2,4,10,40,40
1,102,3,2,10,41,41
1,111,5,4,10,36,36
2,96,3,2,10,33,33
2,116,5,2,10,45,45
2,93,3,2,10,38,38
2,96,3,2,10,39,39
1,99,3,4,11,46,46
1,101,3,5,11,43,43
1,103,3,4,11,36,36
2,121,5,5,11,42,42
2,109,5,5,11,38,38
1,97,3,4,11,43,43
1,76,2,5,11,37,37
2,113,5,5,11,35,35
2,105,5,4,11,41,41
2,116,5,2,11,45,45
1,98,3,4,11,50,50
1,84,2,4,11,44,44
1,87,3,4,11,44,44
2,100,3,2,11,35,35
1,104,3,4,11,55,55
1,95,2,4,11,42,42
1,89,3,4,11,44,44
2,87,3,4,11,37,37
2,83,3,4,11,40,40
2,107,5,5,11,41,41
1,85,3,4,11,36,36
1,94,3,4,11,33,33
2,88,3,2,11,45,45
1,109,5,5,11,38,38
2,79,2,2,11,39,39
1,76,2,4,11,46,46
2,101,3,2,11,43,43
2,84,3,2,11,36,36
1,83,3,4,11,50,42
1,95,3,2,11,13,38
2,101,3,4,12,27,43
1,112,5,4,12,44,37
2,112,5,6,12,35,35
2,112,5,2,12,55,41
1,81,2,4,12,53,45
1,85,3,2,12,19,50
2,120,5,4,12,35,44
2,92,5,2,12,27,44
1,110,5,4,12,39,35
2,96,3,2,12,39,55
2,121,3,6,12,15,42
2,92,3,4,12,40,44
1,104,5,5,12,29,37
1,114,5,4,12,28,40
1,96,3,4,12,27,41
2,110,7,5,12,26,36
1,77,2,2,12,16,33
2,120,7,5,12,48,45
2,100,3,2,12,35,38
1,113,5,5,12,22,39
1,94,3,4,12,26,46
2,104,5,6,12,24,43
1,93,3,4,12,19,36
2,84,2,4,12,50,42
1,90,3,2,12,13,38
1,119,5,5,12,27,43
1,111,5,5,12,44,37
1,91,3,4,12,35,35
1,71,2,4,12,55,41
2,101,5,6,12,53,45
1,113,5,6,12,19,50
2,75,2,2,12,35,44
1,95,3,4,12,27,44
2,96,3,4,12,39,35
1,73,2,4,12,39,55
2,89,3,5,12,15,42
1,87,3,4,13,40,44
1,90,3,4,13,29,37
2,96,3,4,13,28,40
2,111,5,6,13,27,41
1,118,5,5,13,26,36
2,121,7,6,13,16,33
1,100,5,4,13,48,45
1,80,2,4,13,35,38
2,91,3,2,13,22,39
1,111,3,4,13,26,46
2,103,3,2,13,24,43
2,109,5,4,13,19,36
2,129,5,2,13,50,42
2,134,7,5,13,13,38
1,98,3,1,13,27,43
2,100,3,2,13,44,37
2,96,3,2,13,35,35
1,136,7,5,13,55,41
2,125,5,5,13,53,45
2,112,4,6,13,19,50
1,99,3,4,13,35,44
1,96,3,2,13,27,44
1,110,5,5,13,39,35
1,95,3,4,13,39,55
1,77,3,1,13,15,42
1,103,5,5,13,40,44
2,109,5,5,13,29,37
2,102,3,2,13,28,40
2,112,3,4,13,27,41
1,83,3,4,13,26,36
1,90,2,2,13,16,33
2,105,5,5,13,48,45
1,98,5,5,13,35,38
2,93,4,3,13,22,39
1,87,3,2,13,26,46
1,121,5,4,13,24,43
1,79,2,4,13,19,36
1,94,3,4,13,42,42
1,96,3,6,13,38,38
2,130,7,6,13,43,43
1,64,3,4,13,37,37
1,95,1,4,13,35,35
2,118,5,4,13,41,41
1,94,3,5,13,45,45
1,120,5,4,13,50,50
1,121,5,4,13,44,44
1,109,5,4,13,44,44
2,78,1,2,13,35,35
2,95,3,2,13,55,55
2,114,5,6,13,42,42
2,112,5,6,13,44,44
2,92,3,2,13,37,37
2,102,3,2,14,40,40
1,86,2,5,14,41,41
1,103,5,2,14,36,36
1,80,3,5,14,33,33
1,89,3,2,14,45,45
2,123,5,5,14,38,38
1,84,3,4,14,39,39
1,112,5,6,14,46,46
2,134,7,2,14,43,43
1,81,2,4,14,36,36
2,105,5,4,14,50,42
2,119,5,2,14,13,38
1,95,5,4,14,27,43
1,89,3,2,14,44,37
2,102,3,2,14,35,35
1,123,7,6,14,55,41
2,107,5,4,14,53,45
1,108,5,4,14,19,50
1,123,7,5,14,35,44
2,95,5,4,14,27,44
2,95,5,4,14,39,35
1,102,5,4,14,39,55
2,129,7,6,14,15,42
2,125,7,6,14,40,44
1,79,2,4,14,29,37
1,108,5,4,14,28,40
2,125,3,3,14,27,41
2,107,5,6,14,26,36
1,96,3,4,14,16,33
2,105,5,5,15,48,45
2,100,5,4,15,35,38
1,92,3,4,15,22,39
2,79,2,2,15,26,46
1,63,2,4,15,24,43
2,95,3,2,15,19,36
2,135,7,2,15,42,42
1,93,1,2,15,38,38
2,98,3,2,15,43,43
1,102,3,4,15,37,37
1,92,3,2,15,35,35
2,104,3,2,15,41,41
1,109,5,4,15,45,45
2,84,3,2,15,50,50
2,119,7,6,15,44,44
2,97,3,2,15,44,44
2,96,5,6,15,35,35
2,108,5,6,15,55,55
2,100,3,2,15,42,42
2,134,7,6,15,44,44
1,77,2,2,15,37,37
1,80,2,4,15,40,40
2,100,3,2,15,41,41
2,116,3,5,15,36,36
2,111,5,5,15,33,33
2,106,3,2,15,45,45
2,94,3,2,15,38,38
1,75,2,2,15,39,39
2,107,3,2,15,46,46
2,130,7,5,15,43,43
1,109,5,4,15,36,36
1,88,3,4,15,42,42
2,82,2,2,15,38,38
2,96,3,2,16,43,43
2,125,7,5,16,37,37
2,119,7,2,16,35,35
1,109,7,6,16,41,41
1,127,5,2,16,45,45
1,93,5,4,16,50,50
2,120,7,3,16,44,44
2,127,7,5,16,44,44
1,101,3,4,16,35,35
1,93,5,4,16,55,55
1,114,7,4,16,42,42
2,109,5,2,16,44,44
2,123,7,3,16,37,37
1,107,5,5,16,40,40
2,113,3,2,16,41,41
1,101,3,2,16,36,36
2,119,7,2,16,33,33
2,106,3,2,16,45,45
2,103,5,4,16,38,38
1,104,5,2,16,39,39
2,116,5,6,16,46,46
2,120,7,4,16,43,43
1,106,5,4,16,36,36
2,123,5,6,16,50,42
2,106,5,4,16,13,38
2,95,3,6,16,27,43
1,98,3,4,16,44,37
2,129,7,4,16,35,35
2,100,5,2,16,55,41
2,114,7,6,16,53,45
2,108,5,4,16,19,50
1,104,5,4,16,35,44
2,106,5,5,16,27,44
1,102,3,4,16,39,35
1,118,7,5,16,39,55
2,97,5,4,16,15,42
1,89,2,5,16,40,44
1,106,5,2,16,29,37
1,84,5,4,16,28,40
1,105,5,2,16,27,41
2,111,5,4,16,26,36
1,106,5,4,16,16,33
2,135,7,6,16,48,45
2,106,5,4,16,35,38
1,111,5,2,16,22,39
2,125,7,4,16,26,46
2,117,7,6,16,24,43
2,123,7,5,16,19,36
1,105,5,4,16,50,42
1,90,3,4,16,13,38
1,90,5,4,16,27,43
1,96,3,2,16,44,37
2,103,5,6,16,35,35
2,122,7,5,16,55,41
2,122,7,5,16,53,45
2,96,3,4,16,19,50
1,103,5,4,16,35,44
1,118,7,5,16,27,44
1,92,5,4,16,39,35
1,86,5,4,16,39,55
2,104,5,6,16,15,42
2,127,7,5,16,40,44
2,114,7,4,16,29,37
2,110,5,6,16,28,40
1,114,5,4,16,27,41
1,92,3,5,17,26,36
2,102,3,5,17,16,33
2,126,7,5,17,48,45
2,110,3,2,17,35,38
1,90,2,4,17,22,39
1,87,2,5,17,26,46
1,127,7,5,17,24,43
2,94,2,4,17,19,36
2,144,7,6,17,50,42
1,119,6,5,17,13,38
1,78,3,2,17,27,43
2,135,7,5,17,44,37
1,88,5,4,17,35,35
2,131,7,6,17,55,41
1,88,2,4,17,53,45
1,90,2,4,17,19,50
1,103,5,5,17,35,44
1,88,2,4,17,27,44
1,116,5,4,17,39,35
2,115,5,6,17,39,55
1,94,2,4,17,15,42
1,89,5,2,17,40,44
2,89,5,6,17,29,37
2,96,2,5,17,28,40
2,112,3,2,17,27,41
2,126,7,6,17,26,36
1,103,5,5,17,16,33
2,116,3,2,17,48,45
2,140,7,6,17,35,38
1,110,7,5,17,22,39
1,85,2,2,17,26,46
2,103,5,5,17,24,43
1,103,5,5,17,19,36
2,98,2,6,17,42,42
2,111,5,5,17,38,38
1,124,7,5,17,43,43
1,110,7,5,17,37,37
1,107,5,5,17,35,35
2,142,7,6,17,41,41
1,85,2,2,17,45,45
2,99,3,4,17,50,50
1,120,6,4,17,44,44
2,123,5,4,17,44,44
1,105,5,4,17,35,35
2,123,7,6,17,55,55
2,114,5,5,17,42,42
1,86,5,4,17,44,44
2,129,5,4,17,37,37
1,122,6,6,17,40,40
1,117,6,5,17,41,41
1,144,7,4,17,36,36
1,97,5,4,17,33,33
2,130,7,5,17,45,45
2,105,3,6,17,38,38
1,118,5,4,17,39,39
1,125,7,6,17,46,46
2,97,3,3,17,43,43
1,108,3,2,18,36,36
1,89,3,4,18,50,42
2,118,5,4,18,13,38
2,117,5,3,18,27,43
2,84,2,4,18,44,37
2,95,2,4,18,35,35
1,87,3,4,18,55,41
2,111,5,3,18,53,45
1,109,5,4,18,19,50
2,123,7,2,18,35,44
1,92,3,1,18,27,44
2,85,2,4,18,39,35
2,111,2,2,18,39,55
2,123,7,5,18,15,42
1,71,2,4,18,40,44
2,111,5,5,18,29,37
1,89,3,2,18,28,40
1,72,3,4,18,27,41
1,88,3,2,18,26,36
2,98,5,2,18,16,33
2,101,3,5,18,48,45
2,109,2,4,18,35,38
2,98,3,2,18,22,39
2,92,3,2,18,26,46
2,80,2,2,18,24,43
2,117,5,2,18,19,36
2,103,2,2,18,42,42
1,101,3,4,18,38,38
1,125,7,4,18,43,43
1,94,3,4,18,37,37
1,73,3,1,18,35,35
2,68,2,2,19,41,41
2,73,2,2,19,45,45
1,94,3,2,19,50,50
1,86,3,6,19,44,44
2,94,3,2,19,44,44
1,94,3,4,19,35,35
2,96,3,4,19,55,55
2,104,5,5,19,42,42
2,101,3,2,19,44,44
1,85,3,4,19,37,37
1,84,3,2,19,40,40
2,87,3,2,19,41,41
2,113,5,5,19,36,36
1,89,3,2,19,33,33
1,89,3,4,19,45,45
2,119,5,6,19,38,38
1,94,3,5,19,39,39
1,107,5,5,19,46,46
2,100,5,4,19,43,43
2,112,3,4,19,36,36
2,105,5,2,19,42,42
2,98,3,2,19,38,38
2,87,3,2,19,43,43
1,93,3,4,19,37,37
2,95,5,4,19,35,35
2,123,7,5,19,41,41
1,102,5,5,20,45,45
2,98,2,5,20,50,50
2,109,5,3,20,44,44
1,98,2,4,20,44,44
1,100,5,2,20,35,35
2,114,5,2,20,55,55
2,101,3,5,20,42,42
1,105,3,4,20,44,44
1,112,5,4,20,37,37
1,75,2,4,20,40,40
1,98,3,4,20,41,41
1,91,3,4,20,36,36
2,109,5,5,20,33,33
2,103,5,2,20,45,45
1,93,3,4,20,38,38
2,94,3,2,20,39,39
2,98,2,2,20,46,46
1,109,5,5,20,43,43
1,88,3,4,20,36,36
1,86,3,2,20,50,42
2,87,3,2,20,13,38
1,81,3,4,20,27,43
1,85,2,4,20,44,37
2,103,5,4,20,35,35
2,98,3,2,20,55,41
2,111,5,2,20,53,45
2,123,5,5,20,19,50
2,98,3,2,21,35,44
1,78,2,4,21,27,44
2,87,3,2,21,39,35
2,100,3,2,21,39,55
2,105,3,3,21,15,42
2,111,3,4,21,40,44
1,96,3,4,21,29,37
1,116,5,5,21,28,40
2,100,3,5,21,27,41
2,90,3,2,21,26,36
1,94,3,4,21,16,33
1,109,5,5,21,48,45
2,103,3,2,21,35,38
1,100,3,4,21,22,39
1,94,3,4,21,26,46
1,94,3,4,21,24,43
2,95,3,2,21,19,36
2,96,3,6,21,50,42
1,96,3,4,21,13,38
2,113,3,6,21,27,43
2,106,5,6,21,44,37
2,105,3,3,21,35,35
1,111,2,6,21,55,41
1,80,3,4,21,53,45
1,105,2,2,21,19,50
1,121,7,6,22,35,44
2,106,3,5,22,27,44
1,92,2,4,22,39,35
2,127,7,4,22,39,55
2,116,5,6,22,15,42
1,106,3,2,22,40,44
1,81,2,2,22,29,37
1,98,2,2,22,28,40
1,103,3,4,22,27,41
1,116,7,5,22,26,36
1,95,3,4,22,16,33
2,107,5,2,22,48,45
2,103,3,4,22,35,38
1,95,3,4,22,22,39
2,95,3,4,22,26,46
1,94,3,4,22,24,43
1,114,5,2,22,19,36
2,103,5,5,22,50,42
1,97,3,4,22,13,38
1,92,3,2,22,27,43
1,81,2,4,22,44,37
1,92,3,2,22,35,35
2,91,3,4,22,55,41
2,100,3,5,22,53,45
2,115,5,6,22,19,50
2,105,3,2,22,35,44
1,127,7,6,22,27,44
2,125,7,5,23,39,35
1,101,3,5,23,39,55
2,96,3,2,23,15,42
2,118,5,3,23,40,44
2,117,5,5,23,29,37
1,103,5,4,23,28,40
1,107,5,2,23,27,41
2,112,5,6,23,26,36
1,107,3,4,23,16,33
1,102,5,4,23,48,45
1,84,3,2,23,35,38
1,100,5,4,23,22,39
2,77,2,4,23,26,46
2,109,2,5,23,24,43
1,89,3,4,23,19,36
1,80,3,4,23,42,42
1,84,3,4,23,38,38
1,112,5,5,23,43,43
2,104,3,2,23,37,37
2,86,3,2,23,35,35
1,96,3,5,23,41,41
2,91,3,6,23,45,45
1,100,3,4,23,50,50
1,96,3,5,23,44,44
2,127,7,5,23,44,44
2,96,3,5,23,35,35
2,91,5,4,24,55,55
1,106,3,4,24,42,42
1,91,2,5,24,44,44
1,98,2,4,24,37,37
1,82,2,2,24,40,40
1,88,3,4,24,41,41
1,104,2,1,24,36,36
2,104,2,5,24,33,33
1,79,3,2,24,45,45
1,84,3,4,24,38,38
2,120,5,4,24,39,39
1,92,3,4,24,46,46
2,94,3,4,24,43,43
2,114,5,2,24,36,36
2,130,7,5,24,50,42
2,90,2,2,24,13,38
2,92,3,5,24,27,43
1,96,2,4,24,44,37
1,92,3,4,24,35,35
1,83,2,1,24,55,41
1,95,3,4,24,53,45
1,75,2,4,24,19,50
1,89,2,2,24,35,44
1,116,5,4,24,27,44
1,77,2,2,24,39,35
1,83,1,1,24,39,55
2,103,3,2,24,15,42
1,79,3,4,24,40,44
2,77,2,2,24,29,37
2,90,3,2,24,28,40
2,91,2,5,24,27,41
1,98,2,4,24,26,36
1,78,2,4,24,16,33
1,89,3,5,24,48,45
1,91,2,4,24,35,38
1,91,2,6,24,22,39
2,84,1,2,25,26,46
2,91,4,2,25,24,43
2,99,3,2,25,19,36
2,98,3,2,25,42,42
2,96,3,2,25,38,38
2,103,4,3,25,43,43
2,91,1,2,25,37,37
1,87,1,6,25,35,35
2,93,3,3,25,41,41
2,66,1,2,25,45,45
2,78,1,2,25,50,50
2,117,5,5,26,44,44
1,119,5,4,26,44,44
1,117,5,4,26,35,35
2,94,3,2,26,55,55
1,89,3,4,26,42,42
1,100,5,5,26,44,44
1,109,5,4,26,37,37
1,85,2,4,26,40,40
1,87,3,4,26,41,41
2,105,5,5,26,36,36
2,108,3,2,26,33,33
2,81,3,2,26,45,45
1,96,3,4,26,38,38
2,94,3,2,26,39,39
1,101,3,4,26,46,46
2,106,5,2,26,43,43
2,122,3,2,26,36,36
2,117,5,5,26,42,42
2,101,3,2,26,38,38
2,94,3,6,26,43,43
1,93,2,4,26,37,37
2,122,5,4,26,35,35
2,127,7,4,26,41,41
1,94,3,4,26,45,45
2,110,5,4,26,50,50
1,98,3,4,26,44,44
1,92,2,4,26,44,44
2,85,3,2,27,35,35
1,116,5,5,27,55,55
1,101,5,2,27,42,42
2,120,5,2,27,44,44
2,118,5,6,27,37,37
2,114,5,2,27,40,40
1,117,5,2,27,41,41
2,120,3,2,27,36,36
2,97,3,5,27,33,33
1,103,3,4,27,45,45
2,121,5,2,27,38,38
1,104,5,2,27,39,39
2,135,7,4,27,46,46
1,107,3,4,27,43,43
1,106,3,2,27,36,36
2,85,3,5,28,50,42
1,87,1,4,28,13,38
2,89,2,5,28,27,43
1,101,3,2,28,44,37
2,92,3,2,28,35,35
2,105,3,2,28,55,41
2,130,7,2,28,53,45
1,73,2,4,28,19,50
1,94,3,4,28,35,44
1,98,3,5,28,27,44
2,119,7,5,28,39,35
1,90,3,4,28,39,55
1,89,3,4,28,15,42
1,104,5,4,28,40,44
2,107,5,5,28,29,37
1,103,3,4,28,28,40
2,109,3,2,28,27,41
2,101,3,2,28,26,36
2,95,3,2,28,16,33
1,81,3,4,28,48,45
1,89,3,4,28,35,38
1,101,3,5,28,22,39
2,87,3,4,28,26,46
2,95,3,2,28,24,43
2,113,4,3,28,19,36
2,66,2,4,28,50,42
2,117,5,6,28,13,38
2,108,3,2,29,27,43
2,117,3,2,29,44,37
1,104,3,6,29,35,35
2,78,2,2,29,55,41
2,117,5,5,29,53,45
2,103,3,2,29,19,50
1,93,3,4,29,35,44
1,96,3,2,29,27,44
2,95,5,6,29,39,35
1,92,3,4,29,39,55
1,97,3,4,29,15,42
2,78,5,2,29,40,44
2,113,5,2,29,29,37
2,111,5,4,29,28,40
2,111,5,6,29,27,41
1,114,3,2,29,26,36
2,130,5,2,29,16,33
1,104,3,2,29,48,45
1,116,5,5,29,35,38
2,122,5,2,29,22,39
1,75,3,4,30,26,46
1,94,3,4,30,24,43
2,98,5,4,30,19,36
1,103,5,4,30,50,42
1,98,5,4,30,13,38
1,109,5,4,30,27,43
1,97,3,4,30,44,37
2,84,2,2,30,35,35
1,110,5,4,30,55,41
2,97,2,4,30,53,45
2,76,2,3,30,19,50
1,103,5,5,30,35,44
2,95,2,2,30,27,44
2,101,3,4,30,39,35
2,71,2,5,30,39,55
1,102,3,4,30,15,42
1,78,3,2,30,40,44
1,96,3,2,30,29,37
1,82,3,4,30,28,40
2,114,5,5,30,27,41
1,109,5,4,30,26,36
2,91,2,4,30,16,33
2,98,5,5,30,48,45
1,103,5,4,30,35,38
1,82,3,2,30,22,39
1,103,3,2,30,26,46
1,113,5,5,30,24,43
2,101,5,2,30,19,36
1,96,3,4,30,42,42
1,105,3,4,30,38,38
2,117,5,6,30,43,43
1,88,3,4,30,37,37
1,116,7,4,31,35,35
2,138,7,6,31,41,41
1,123,7,5,31,45,45
1,116,5,4,31,50,50
2,98,3,2,31,44,44
2,95,3,2,31,44,44
2,75,2,2,31,35,35
1,113,5,5,31,55,55
2,121,7,5,31,42,42
2,121,7,6,31,44,44
1,98,3,4,31,37,37
1,108,5,4,31,40,40
1,109,5,4,31,41,41
2,105,5,5,31,36,36
2,129,7,6,31,33,33
2,128,7,6,31,45,45
1,113,5,4,31,38,38
2,130,7,6,31,39,39
2,100,3,4,31,46,46
2,105,5,4,31,43,43
2,101,5,6,31,36,36
1,121,5,4,31,50,42
2,130,7,6,31,13,38
1,96,3,4,31,27,43
1,106,3,4,31,44,37
1,101,3,5,31,35,35
1,100,5,4,31,55,41
2,129,7,5,31,53,45
2,86,3,2,31,19,50
1,111,5,4,31,35,44
2,136,7,6,31,27,44
2,108,2,6,31,39,35
2,103,3,2,31,39,55
2,106,3,6,31,15,42
2,101,5,5,31,40,44
2,113,5,6,31,29,37
2,100,3,2,31,28,40
2,123,7,6,31,27,41
1,100,5,5,31,26,36
2,103,3,5,31,16,33
1,101,3,4,31,48,45
2,89,4,6,31,35,38
1,114,5,5,31,22,39
1,136,7,6,31,26,46
1,97,3,4,31,24,43
1,83,2,4,31,19,36
1,86,3,4,31,42,42
2,100,3,5,31,38,38
2,127,7,6,31,43,43
1,108,2,5,32,37,37
2,124,7,6,32,35,35
2,121,7,6,32,41,41
2,129,7,6,32,45,45
1,93,2,6,32,50,50
2,101,2,6,32,44,44
2,104,2,6,32,44,44
1,121,5,4,32,35,35
1,127,7,6,32,55,55
2,111,5,5,32,42,42
1,113,5,4,32,44,44
1,110,7,4,32,37,37
2,115,2,5,32,40,40
2,96,3,4,32,41,41
2,126,7,5,32,36,36
2,109,5,5,32,33,33
1,105,6,4,32,45,45
1,124,7,5,32,38,38
2,117,5,2,32,39,39
1,121,2,5,32,46,46
2,127,7,5,32,43,43
2,132,7,3,32,36,36
1,92,2,4,32,42,42
1,112,2,5,32,38,38
1,104,6,5,32,43,43
1,125,7,6,32,37,37
2,101,2,5,32,35,35
2,93,2,5,32,41,41
2,102,2,5,32,45,45
1,112,7,6,32,50,50
2,106,2,6,32,44,44
1,121,6,4,32,44,44
2,127,2,3,32,35,35
1,94,2,4,32,55,55
1,118,7,4,32,42,42
1,115,7,5,32,44,44
2,113,5,2,32,37,37
2,104,7,4,32,40,40
2,99,4,3,32,41,41
1,104,2,4,32,36,36
1,114,6,4,32,33,33
2,114,5,5,32,45,45
2,122,7,4,32,38,38
1,93,3,4,32,39,39
1,111,6,4,32,46,46
1,121,6,4,32,43,43
2,98,5,4,32,36,36
1,120,7,6,32,50,42
1,112,7,6,32,13,38
2,119,7,4,32,27,43
1,117,7,5,32,44,37
2,86,2,6,32,35,35
2,113,7,6,32,55,41
1,85,3,4,32,53,45
2,133,7,5,32,19,50
1,128,7,5,32,35,44
2,118,7,3,32,27,44
1,103,3,5,33,39,35
2,137,7,6,33,39,55
2,114,5,6,33,15,42
1,118,5,5,33,40,44
2,123,7,2,33,29,37
2,113,5,6,33,28,40
2,102,3,2,33,27,41
1,93,3,4,33,26,36
1,126,7,5,33,16,33
2,89,2,3,33,48,45
1,110,5,2,33,35,38
2,103,3,2,33,22,39
2,96,3,2,33,26,46
2,107,5,5,33,24,43
1,114,5,5,33,19,36
1,94,3,5,33,50,42
1,94,5,4,33,13,38
2,121,7,6,33,27,43
2,102,3,6,33,44,37
1,98,5,5,33,35,35
1,109,5,5,33,55,41
1,105,5,4,33,53,45
1,89,2,5,33,19,50
2,121,7,6,33,35,44
1,98,3,4,33,27,44
1,93,3,5,33,39,35
2,121,7,6,33,39,55
2,113,5,5,33,15,42
2,96,3,5,33,40,44
1,110,5,5,33,29,37
2,105,3,2,33,28,40
2,107,3,6,33,27,41
2,109,5,4,33,26,36
1,112,5,4,33,16,33
2,121,5,2,33,48,45
1,121,5,4,33,35,38
1,93,3,4,33,22,39
1,110,5,4,34,26,46
1,103,3,4,34,24,43
2,111,5,4,34,19,36
2,96,5,2,34,50,42
1,96,5,2,34,13,38
1,98,5,4,34,27,43
2,100,2,4,34,44,37
1,134,7,4,34,35,35
1,94,3,4,34,55,41
2,104,3,2,34,53,45
1,127,7,4,34,19,50
2,110,5,4,34,35,44
2,98,3,2,34,27,44
1,103,3,4,34,39,35
1,119,7,5,34,39,55
1,100,3,4,34,15,42
1,109,5,4,34,40,44
2,100,3,4,34,29,37
2,100,5,6,34,28,40
1,122,7,4,34,27,41
1,111,5,4,34,26,36
1,118,5,5,34,16,33
2,126,7,4,34,48,45
2,122,7,5,34,35,38
2,126,7,5,34,22,39
1,116,7,5,34,26,46
1,92,3,4,34,24,43
2,123,7,6,34,19,36
1,103,3,4,34,42,42
1,120,5,5,34,38,38
1,108,5,4,34,43,43
2,110,5,5,34,37,37
2,122,5,2,34,35,35
2,110,5,4,34,41,41
2,119,7,2,34,45,45
1,112,5,4,34,50,50
2,110,5,4,34,44,44
2,104,5,5,34,44,44
1,111,5,6,34,35,35
2,86,3,2,35,55,55
2,88,2,3,35,42,42
1,83,2,5,35,44,44
2,105,5,4,35,37,37
1,101,5,6,35,40,40
1,98,5,5,35,41,41
1,102,3,5,35,36,36
1,93,3,4,35,33,33
1,98,3,2,35,45,45
2,98,3,2,35,38,38
2,102,5,4,35,39,39
1,93,5,4,35,46,46
1,115,5,5,35,43,43
2,109,4,4,35,36,36
1,89,2,4,35,50,42
1,73,2,4,35,13,38
2,101,3,4,35,27,43
2,105,5,2,35,44,37
1,77,2,4,35,35,35
2,125,7,2,35,55,41
2,104,3,2,35,53,45
2,98,3,2,35,19,50
1,96,2,2,35,35,44
1,100,3,2,35,27,44
2,107,3,2,35,39,35
2,91,3,5,35,39,55
2,102,2,2,35,15,42
1,112,7,5,35,40,44
1,100,3,2,35,29,37
1,113,5,5,35,28,40
1,92,2,2,35,27,41
1,102,5,5,35,26,36
2,102,3,2,35,16,33
2,107,3,4,35,48,45
1,132,7,6,35,35,38
1,88,3,4,36,22,39
2,102,3,3,36,26,46
2,102,5,6,36,24,43
2,107,5,5,36,19,36
1,94,3,4,36,42,42
2,91,3,4,36,38,38
1,93,3,4,36,43,43
1,102,3,4,36,37,37
1,85,3,5,36,35,35
2,110,5,2,36,41,41
2,114,5,4,36,45,45
1,94,3,4,36,50,50
1,124,5,4,36,44,44
2,100,3,6,36,44,44
1,82,3,4,36,35,35
2,100,3,5,36,55,55
2,89,3,4,36,42,42
2,89,3,5,36,44,44
2,98,3,2,36,37,37
2,109,5,5,36,40,40
1,96,3,4,36,41,41
1,109,5,2,36,36,36
1,94,3,4,36,33,33
1,93,3,4,36,45,45
1,87,3,4,36,38,38
1,86,2,2,36,39,39
2,93,4,2,36,46,46
1,93,3,4,36,43,43
2,104,3,3,37,36,36
1,94,2,4,37,42,42
2,104,3,3,37,38,38
1,91,3,4,37,43,43
1,84,2,4,37,37,37
1,96,3,4,37,35,35
2,111,3,2,37,41,41
1,93,3,2,37,45,45
2,129,7,2,37,50,50
2,100,3,3,37,44,44
1,81,2,1,37,44,44
2,108,3,2,37,35,35
1,118,5,2,37,55,55
1,78,2,1,37,42,42
2,74,1,3,37,44,44
1,84,2,4,37,37,37
